,s__Prevotella_copri,s__Faecalibacterium_prausnitzii,s__Eubacterium_eligens,s__Alistipes_putredinis,s__Bacteroides_vulgatus,s__Odoribacter_splanchnicus,s__Bacteroides_caccae,s__Eubacterium_rectale,s__Dorea_longicatena,s__Alistipes_shahii,s__Ruminococcus_bromii,s__Parabacteroides_merdae,s__Eubacterium_siraeum,s__Akkermansia_muciniphila,s__Roseburia_inulinivorans,s__Bacteroides_stercoris,s__Faecalibacterium_cf,s__Ruminococcus_obeum,s__Bilophila_wadsworthia,s__Eubacterium_hallii,s__Bacteroides_xylanisolvens,s__Streptococcus_thermophilus,s__Coprococcus_comes,s__Bacteroides_ovatus,s__Roseburia_intestinalis,s__Ruminococcus_lactaris,s__Bacteroides_finegoldii,s__Collinsella_aerofaciens,s__Bacteroides_cellulosilyticus,s__Bacteroides_dorei,s__Dorea_formicigenerans,s__Bacteroides_uniformis,s__Clostridium_leptum,s__Coprococcus_catus,s__Bacteroides_intestinalis,s__Bacteroides_eggerthii,s__Streptococcus_salivarius,s__Clostridium_cf,s__Clostridium_bolteae,s__Ruminococcus_torques,s__Sutterella_wadsworthensis,s__Bifidobacterium_longum,s__Bifidobacterium_adolescentis,s__Clostridium_bartlettii,s__Anaerotruncus_colihominis,s__Bacteroides_fragilis,s__Lactococcus_lactis,s__Streptococcus_parasanguinis,s__Gordonibacter_pamelaeae,s__Eggerthella_lenta,s__Holdemania_filiformis,s__Dialister_invisus,s__Blautia_hydrogenotrophica,s__Eubacterium_ventriosum,s__Clostridium_hathewayi,s__Bacteroides_thetaiotaomicron,s__Bifidobacterium_bifidum,s__Bifidobacterium_catenulatum,s__Bifidobacterium_pseudocatenulatum,s__Haemophilus_parainfluenzae,s__Streptococcus_mitis,s__Streptococcus_australis,s__Parabacteroides_distasonis,s__Clostridium_asparagiforme,s__Escherichia_coli,s__Clostridium_nexile,s__Clostridium_symbiosum,s__Veillonella_parvula,s__Clostridium_scindens,s__Coprobacillus_bacterium,s__Ruminococcus_gnavus,s__Veillonella_dispar,s__Anaerostipes_caccae,s__Blautia_hansenii,s__Streptococcus_mutans,s__Actinomyces_odontolyticus,s__Streptococcus_vestibularis,s__Streptococcus_sanguinis,s__Streptococcus_anginosus,s__Streptococcus_infantis,s__Bifidobacterium_breve,s__Lactobacillus_casei,s__Veillonella_atypica,s__Rothia_mucilaginosa,s__Gemella_haemolysans,s__Lactobacillus_fermentum,s__Enterobacter_cloacae,s__Klebsiella_pneumoniae,s__Pediococcus_acidilactici,s__Bifidobacterium_dentium,s__Lactobacillus_gasseri,s__Clostridium_difficile,s__Lactobacillus_rhamnosus,s__Enterococcus_faecalis,s__Proteus_mirabilis,s__Enterococcus_gallinarum,s__Bacteroides_coprocola
4000,80.57056417,1.563171485,1.374201666,1.01091354,2.206368796,0.257380954,0.626433777,0.448707667,0.096234725,0.022895539,0.059585538,1.141083453,0.072318885,0,0.015743234,0.235679167,1.226309137,0.024415786,0.012325228,0.081838287,0.206396548,0.045178897,0.078032567,0.432995043,0.003795517,0,0.003734299,0.052861759,0,0.00217324,0.022211938,0.04879076,0.046219604,0.049688625,0,0.001091721,0.003724096,0,0,0.026017658,0.140026014,0.028854093,0.887406188,0.183725476,0.002611969,0.007499207,0,0.001826338,0,0,0,6.056869906,0,0.074369689,0,0.01318228,0.068931488,0,0.005744291,0.296080945,0.007601237,0,0,0,0.130588236,0,0,0.015192272,0,0,0.00020406,0.002877247,0,0,0,0,0,0,0,0,0,0,0.007325756,0,0,0,0,0,0,0,0,0,0,0,0,0,0
4001,0.21214651,0.693620373,0.000227647,1.51423685,0.216885712,0.506028719,0.254633759,30.86062237,0.4847644,0.889469412,4.466779856,0.012230864,0.051458618,1.109055848,0.017197712,0.032843285,1.232554463,0.069732481,0,0.542731659,0.002721419,4.116099666,0.232655455,0.013048325,0.00642586,0,0.007026021,0.261545956,0,0.016328514,0.08651629,0.098798892,0.065314056,0.008878241,0,1.111477186,0.088430596,0.00978883,0,0.012675811,0,2.330507335,0,0.01850151,0,0.028818068,0.005660138,0.198156554,0,0,0.003932088,47.17381155,0,0.029252667,0.001086498,0.128724153,0.344254329,0,0.004625378,0.022919936,0.025610312,0,0.005732571,0,0.006063694,0,0,0.204975623,0,0,0.014486641,0.024741113,0,0,0.003487141,0,0.053414315,0,0,0.028559378,0.000931284,0,0.036796068,0,0,0,0,0,0,0,0,0,0,0,0,0,0
4002,0.034507733,8.488551749,0.086906594,16.54714288,21.37926101,3.983731341,0.018161965,3.635451772,1.052262806,2.126606736,0.004652012,5.329405463,0,0,0.846395344,0.017158277,0.976587953,0.160590003,0.30805241,0.69248066,6.090853794,0.08717743,0.499485889,11.7532764,3.310543785,1.033447647,0.041342367,1.033830005,0.544046428,0.045612022,0.116491478,4.588684076,0.128519797,0.081298689,0.007424101,0.004237792,0.013525884,0,0.01225136,0.236742801,0,0.530217845,0.498322886,0.183913789,0.010212122,0.552649464,0,0.00020711,0.002310074,0.007471896,0.016138658,0.073874587,0,0.566255006,0.00978197,0.236089608,0,0.018958542,0.024024774,1.801443844,0.004779464,0.01091311,0.061256802,0.004285586,0,0,0,0.001672813,0,0,0.068521587,0,0,0,0,0,0,0,0,0,0,0,0,0,0,0,0,0,0,0,0,0,0,0,0,0,0
4004,0.086883184,5.130068896,0.005160948,0.077587695,0.054630874,0,26.87655389,4.592202719,0,2.45480412,13.41884026,0.019906513,0,0.435500151,0.204862162,0.009497879,1.349219222,0.124079595,0.011594062,5.463868016,0,0.030459712,0,0.025833652,14.96270095,0.350568586,0.003469545,0.831158362,0,0,0,0.01217232,0.253768287,0,0,0,0.332281194,0,0.091465874,0.022205087,0,2.080425783,0,0.217728391,0.281813774,3.356278589,0,0.097494208,0.103768301,0.184767715,0.028132226,13.53826489,0,0,0.429168232,0,0,0.028970699,1.224893868,0.155247672,0.040622587,0,0,0.038150536,0,0.080493439,0.167651295,0,0.238531203,0.164832289,0.221400326,0,0.005739205,0,0,0,0,0,0,0,0.053445446,0,0,0,0,0.030835579,0,0,0,0,0,0,0,0,0,0,0
4005,0.091188535,2.737508919,1.212741564,23.53221109,3.221579661,1.84655998,4.869620599,2.065334999,0.705525621,6.931406877,4.23249423,2.771132794,0.555620924,13.4580292,0.066148588,0.185904855,0.50694377,0.082751162,0.33751587,2.342784308,0.969983887,0.030881205,0.320578314,0.907593385,0.146910791,0,0.014016927,0.557704097,0,0.141425451,0.150166403,0.317573939,0.563273182,0.13145972,19.93973245,0.014665955,0,0,0.005349253,0.073842719,0,0.693476717,0.064494612,0.043170878,0,0,0,0,0,0,0,0,0,0.395572535,0.158090834,0.019240561,1.022262104,0.1671563,0.014864851,0,0.006898547,0,0.636864664,0,0.271597582,0.46063243,0.007516171,0,0,0,0,0,0,0,0,0,0,0,0,0,0,0,0,0,0,0,0,0,0,0,0,0,0,0,0,0,0
4006,0.052100741,5.923889265,0.62304289,0.251706395,4.008924605,0,2.201027219,33.83232525,2.085295928,3.377917483,0.005365027,0.00666463,0.180978014,0,1.099130699,0.019577349,2.121501528,0.546882836,2.009669044,2.010335507,1.027535917,0.087956448,1.96801511,3.328882472,1.242886758,1.563955284,0.006014828,3.886928562,0,0.718796954,0.218599848,0.008664018,0.313087633,0.262969619,0.031773621,10.29851875,0.056882613,0.024759099,0.00349893,2.899513715,0,2.96382739,0,0.84367545,0.013562521,0,0.12471188,0.069728686,0.023326203,0.190058572,0.055816272,2.854210896,0.024025989,0.242076005,0.003615562,0.147571559,1.107861364,0.466090865,0.28616253,0.007647662,0.14535557,0.009030573,0.000483186,0,0.365471621,1.295154115,0,0.058398816,0,0,0.242525868,0.015511925,0,0,0,0.00994696,0,0,0,0.021193522,0.001382911,0,0.0726278,0.031873591,0.001499542,0,0,0,0,0,0,0,0,0,0,0,0
4007,0.1392109,1.006500677,32.62363177,2.203309896,0.518773191,0.313817166,2.781967045,3.565678087,0.299300172,1.962295181,2.566952429,6.31969856,0.467719045,3.261267063,0.023205441,0.15133558,0.123660862,0.172605422,0.002936021,0.229140141,1.470141915,0.225801776,0.334695538,0.811287892,0.010025969,1.292295152,0.046465253,0.059046648,0,0.020987114,0.049325156,32.42524374,0,0.450266031,0.002261824,0.026489435,0.03341627,0,0,0.054142405,0.399788215,0.401734688,0,0,0,0.006078651,0,0,0,0,0,0,0,0.20926219,0,0.268656811,0,0.013331711,2.120361861,0.030197521,0,0,0.002990392,0,0,0,0,0,0,0.020443407,0.482257787,0,0,0,0,0,0,0,0,0,0,0,0,0,0,0,0,0,0,0,0,0,0,0,0,0,0
4009,0.031636716,2.487481293,0.054322893,15.97181406,2.160132505,2.571593419,0.01017837,19.20736542,1.556338256,3.605839791,26.26880216,2.368863688,0.024912336,0,1.797555309,4.802113888,1.59635176,1.072538619,0.03139574,1.686603038,0.823139854,0.173147049,0.409005253,0.245944774,0.412275643,0.628109882,0.016604399,0.984192199,0,0.007963686,0.55043526,1.994237688,0.338445163,0.228250245,0.002960563,0.022961578,0.015950321,0.009386592,0.005645725,0.858896114,0,1.52361141,1.594446901,0.065752044,0.102506633,0,0.07378458,0.000378677,0,0,0.01892236,0,0,0.261011517,0,0.233976296,0.133695823,0.628660685,0.093613468,0.098077263,0.050352525,0.00670143,0,0.003075314,0,0.002501561,0,0.012507806,0,0,0.01794698,0,0,0,0,0,0,0,0,0,0,0.041447885,0,0.001009805,0.002627787,0,0,0,0,0,0,0,0,0,0,0,0
4010,0.146384402,1.741704317,0.010143932,16.12103511,23.99151862,1.736259089,10.32303153,4.482542008,0.857030502,0.233508042,0.028060487,4.726325721,0,0,0.391419639,0.243234799,0,0.013481329,0,0.504100717,5.135047131,2.038381389,0.081832108,7.477087778,4.31767018,0.003710659,0.108926506,0.365401112,1.345893365,0.708560227,0.195918407,0.044308343,0.051114877,0,0.0259307,0.041827251,0.242246754,0.041212468,0.387533327,5.815612741,1.57178248,1.269572354,0.600775462,0.088770382,0.033308105,0.906301028,0.002063917,0.193349489,0,0.010670889,0,0,0,0,0.001515003,0.025381786,0,0,0,0.299048381,0,0,0,0.169043574,0.040905076,0.023471565,0,0.029663316,0.008541103,0.371900255,0.370275469,0.005664793,0,0,0,0,0,0,0,0,0,0,0,0,0,0,0,0,0,0,0,0,0,0,0,0,0
4011,0.152149703,1.258347168,0.740419164,19.43650753,2.785775291,3.382307385,5.855493369,1.710337726,1.260542356,4.480296757,10.82725316,5.134844532,9.438435477,5.208294702,0.609730491,10.65221079,0.438778527,0.026383159,0.359206373,0.024597013,2.112029848,0.132897495,0.14924551,1.548152879,0.263586168,0.005658404,0.003231426,0,0,0.090520824,0.012530296,0.033623189,0.135583533,0.044326435,0.00162253,0.095579301,0.106200738,0.024024355,0.209333666,0.099765156,0,0.520627676,1.127085838,0.932968505,0.031755234,0,0,0.041217721,0,0.001404375,0.033064166,6.519176398,0,0.4530677,0.373509181,0.038477145,0.154181274,0,0,0.034509445,0,0,0.001063507,0.071323156,0.521323047,0.189167934,0.072482106,0.02542873,0.008344441,0,0,0,0,0,0,0,0,0,0,0,0,0,0,0,0,0,0,0,0,0,0,0,0,0,0,0,0
4013,0.2160485,0.031983958,0.013757805,0.076628232,0.078235269,0,0.066123697,0.109278523,0.000901509,0.009838203,0.031004057,0.02998496,0,0,53.15428066,0.030572901,0,0.011680416,0,0.003135682,0.064242288,0.118763961,0,1.017646443,0.044957843,0.003566838,0.022616107,0,0,0.006153776,0,0.025281437,0.362876816,0,0.002351762,0.013522629,0.003802015,0.026418122,6.879725816,0.06796591,0,0.297497843,0,0.136127801,0.340064728,0,0.112453401,0,0,0.121860447,0.082782009,19.32426834,0,0,3.132703244,0,0,0,0,0.156627323,0,0.075844312,0,1.994411431,0,3.824591509,3.145285169,0,0.03531562,0.17845951,4.242891507,0,0.182457505,0.093012172,0,0,0,0,0,0,0,0,0,0,0,0,0,0,0,0,0,0,0,0,0,0,0
4014,95.89049253,0.892716257,0.49088968,0.484447258,0.323282983,0.312431497,0.303582246,0.285935613,0.07909343,0.074196775,0.074155278,0.071955933,0.067816599,0.066976283,0.063262295,0.053396365,0.044796095,0.042731616,0.042254399,0.041455581,0.039463721,0.038986504,0.035386633,0.032160235,0.025427334,0.02271965,0.019213147,0.018331334,0.017822995,0.009855556,0.009035989,0.007863696,0.007189369,0.005819965,0.002718059,0.00114117,0.000570585,0.000228234,0.000197111,0,0,0,0,0,0,0,0,0,0,0,0,0,0,0,0,0,0,0,0,0,0,0,0,0,0,0,0,0,0,0,0,0,0,0,0,0,0,0,0,0,0,0,0,0,0,0,0,0,0,0,0,0,0,0,0,0,0
4017,19.77965758,1.512865181,0.52853159,11.54770994,8.852370644,1.844821147,5.495505068,23.37972845,3.050998587,0.844827603,0.016338441,4.649243885,0.273682559,0.240732093,1.45024726,0.011873549,0.722207224,0.193205069,0.450680508,1.441142382,1.048658678,0.019938807,2.129786312,0.018702207,0.623202621,2.421952211,0.004486779,0.325160137,0.009323745,1.28037344,0.17732625,0.401654242,0.060319815,0.1626512,0.286234596,0.000623772,0.043357603,0.003622253,0,2.303337102,1.754680668,0.242701899,0.242548692,0.031976506,0.01991692,0.019128998,0.017553154,0.014248258,0.013099205,0.012376943,0.009575442,0.008207522,0.006905262,0,0,0,0,0,0,0,0,0,0,0,0,0,0,0,0,0,0,0,0,0,0,0,0,0,0,0,0,0,0,0,0,0,0,0,0,0,0,0,0,0,0,0,0
4018,0.09688143,1.41131538,19.59117892,0.065734345,0.038449027,0.002563268,5.662782809,4.27278303,0.002192269,0.297153642,0.013254796,9.06316079,0.102429557,0.006391308,6.534648223,29.84027296,1.473103641,0.049511554,0.147219301,0.24713618,0.361252217,0.020539875,0,0.009477348,14.87933498,0,0,0.044368153,0,0.007419988,0.231048298,0.005952854,0.005075946,0.092480028,0,0.356580998,0.231250661,0,0.052091686,1.120772272,0,0.087218582,0.181115153,0.435721912,0,0.039191026,0,0.028988543,0,0,0.079191505,0.006054035,0,0,0.009932665,0.084486678,0,0,0,1.968978043,0.055852271,0.01939315,0,0.020506148,0.426480654,0,0.00145027,0.047369876,0.060439172,0.092092165,0.01163589,0,0,0.008094532,0,0,0,0,0,0,0,0,0,0,0,0,0,0,0,0,0,0,0,0,0,0,0
4019,0.017917791,1.175798689,0.948325802,6.54877472,8.092635693,1.619400483,4.02530894,1.432545212,0.292249855,5.760866547,0.005992374,14.32226014,0,0.703753884,0.016363334,22.40836948,0.969767821,0.607163936,0.60305827,1.620634556,1.037772365,0.358415156,0.210955294,0.671323868,0.501733754,0,0.703148714,2.763813371,0,0.013930786,0.401026274,1.064696517,0.419086458,0.645443933,1.992375327,0.228944281,0.274972833,0.037520567,0.640543239,2.492661419,0,5.257756327,0.00327504,0.596935369,0.875337501,0.029760146,0.186819673,0.133078165,0.063008922,0.012400061,0.085507022,0,0,0,0.350868325,0.031670586,0,0.000937421,4.684434471,0,0.029131243,0.034530313,0.047583009,0.498126464,0.136400669,0,0.886242435,0.006906063,0.203183007,0.022640494,0.010406558,0,0.004615908,0,0.079823167,0.035301609,0.024539068,0.013966384,0.008353725,0.005268543,0.004960024,0.003168245,0.00300212,0.000510242,0,0,0,0,0,0,0,0,0,0,0,0,0
4020,0.066594371,11.56622752,10.95611703,0.054984111,0.161347955,0,0.020413263,18.35244174,0,0.001005067,0.525355595,8.181403552,0,0.015595871,5.745415074,0.107646171,2.946579981,0.053909729,0.438382618,0.774837552,0.04505474,1.227481728,0,1.376352985,14.27921601,2.454045032,0.006827526,0.194601818,0,0.474911615,0.889467207,5.344878437,0,0,0,0,0.425697976,0.012459368,0.410327378,2.2977744,0,0.445192815,0,0.460026222,0.042524743,0.14414051,0,0.314880645,0,0.137382299,0,4.803303136,0.012597998,0,0.013759024,0,0,0,0.295472449,0.694380184,0.11525349,0,0,0,0.16942315,0.69940552,0.263466255,0.079088397,0.304500726,0.03358311,1.445771942,0,0.014018956,0,0,0,0,0.00746869,0,0,0.037551393,0,0,0,0.017709978,0,0.026616954,0.015127995,0,0,0,0,0,0,0,0,0
4021,0.097054804,0.01215732,0.000701819,31.34609829,53.01868288,0,0.021733756,0.048493443,0,0.645492555,0.006271094,0.031423389,0,0,0.008625584,0.085780418,0,0.007448339,0.95311576,0.077652899,1.215777258,0.176541489,0,1.858983241,0,0,0.270494706,0.098933869,0,2.071883493,0,0.263318038,0.259967417,0,0,0,0,0.076769965,1.599151659,4.423838127,0,0,0,0,0.032125208,0.002761998,0,0.018337857,0,0,0.118358413,0,0.048810394,0,0.035158878,0.034230666,0,0,0,0,0,0,0,0.398135244,0,0,0.061805369,0,0.079871554,0.04960277,0.376175094,0,0.041271497,0.026963441,0,0,0,0,0,0,0,0,0,0,0,0,0,0,0,0,0,0,0,0,0,0,0
4022,0.038055565,0.081792584,0,9.965051071,46.85965299,0.785885933,0.00941581,0.031836481,0,0.494911249,0.005536148,0.587950495,0,0,0.002426605,28.57131648,0,0.035934102,0,0.114457308,1.334879967,0.079830957,0.398021401,7.939998041,0,0,0.017480277,0,0,0.446015877,0,0.049185983,0.339550383,0,0.001961627,0.073975137,0.008761934,0,0.272913185,0.785130344,0,0.065038836,0,0,0.004998516,0.028610694,0,0.003719826,0,0,0.04683203,0,0,0,0,0,0,0,0.056654696,0,0,0,0.015998159,0.007323408,0,0.003487337,0,0,0,0.058107753,0.309820835,0,0.005754106,0.061725866,0,0,0,0,0,0,0,0,0,0,0,0,0,0,0,0,0,0,0,0,0,0,0
4023,0.069063579,5.527523868,0.237253707,29.87349177,11.32790981,4.196343693,1.214015844,11.14901483,0.210054845,1.176152752,5.125756652,2.393195206,0,0.310298598,11.78864514,4.445724152,0.35342271,0.213061142,0.196140565,0.172008938,0.388990453,0,0.314523664,1.899248426,0.092707699,0.774426163,0.018992484,0.280479382,0.833902092,0.176904327,0.058379037,0.026995734,0.028762949,0.160613447,2.417245582,0.01484867,0.014808044,0.021226894,0,0.016758074,0,0.072496445,0,0.090879545,0.020251879,0,0,0.008368881,0,0,0.036116189,0,0,2.045703839,0.021308145,0.157769653,0,0,0,0.007881373,0,0,0,0.014076782,0,0,0,0,0,0,0,0,0,0,0,0,0,0,0,0,0,0,0,0,0,0,0,0,0.006256348,0,0,0,0,0,0,0,0
4024,0.06521845,3.158400478,0.032574349,38.09672615,13.74553812,2.403135954,5.754136628,3.423152508,0.453418193,0.204137235,0.0103652,0.021567427,0.314429655,0.040958581,2.46913563,0.065664865,0.751107284,0.567407488,0.027384774,0.552619989,3.726435737,0,0.556051805,4.243677333,1.686304977,0.616806104,0.048728994,0.392189578,0,0.196534229,0.292945931,9.323657473,0.056415703,0,0,0,0.513893483,0.002455283,0,0.645934686,0,0.462472048,0.117393209,0.366534663,0.004589705,0.229959556,0.000781226,0.141973939,0,0,0.15120915,0,0,3.055097244,0,0.082893696,0.29916784,0.068747919,0.067771386,0,0.082238024,0.031807073,0,0,0,0,0,0.011313832,0,0,0.303325081,0,0,0,0,0,0.063614146,0,0,0,0,0,0,0,0,0,0,0,0,0,0,0,0,0,0,0,0
4025,0.084465505,5.342576538,0,0.074416103,7.169715032,0.00176847,1.491718647,13.00465613,1.503171597,0,8.403040534,0.044155613,0.660846435,0,0.010189757,18.10245393,4.75802696,0.134516019,0,1.968475756,0.259094919,0,0.714995308,2.775375372,3.604787894,0,0.089181426,0.372698076,0,0.019425101,0.045867941,0.01086346,20.4898887,0,0,0.054738363,0.025179647,0.013642484,0.197479172,0.213198907,0,2.307516756,0,0.711149587,0.012210866,0.420671339,0,0.072058143,0,0.011284524,0.203233718,0.462777773,0,0,0.0152706,0.376206946,0,0.010358183,1.190713791,0.278772659,0,0,0,0.04525038,1.182825853,0.003424657,0.444896574,0.010723105,0.016140799,0,0.564506915,0.008673925,0,0,0,0,0,0,0,0,0,0,0.010723105,0,0,0,0,0,0,0,0,0,0,0,0,0,0
4026,0.053283319,1.74577438,1.734559351,0.049871087,0.257611604,0.560679869,0.009306088,51.32524658,0.356112966,0.753411337,25.8090868,2.831532367,0,0,0.392323193,2.374281313,1.303019348,0.499068795,0,0.271880939,0.00337644,0.018516729,0.810846603,0.238295506,0.4036456,0,0.008196516,0.48534828,0,0.007277838,0.130225577,0.093192119,0.005106418,0.013696653,0,0.035911955,0.003889468,0,0.001837356,0.047365602,0,0,0,0,0.001360121,0,0.015486285,0.010391798,0,0,0.000286341,6.138331418,0,1.085006341,0,0,0,0,0.004987109,0.031533321,0,0,0.002612863,0,0.049966534,0,0,0.00987877,0,0.002398107,0.004712698,0,0,0,0,0,0,0,0,0,0,0,0.009270295,0,0,0,0,0,0,0,0,0,0,0,0,0,0
4027,0,0,0,11.24530112,27.51759275,3.136680314,21.0239521,0.113430011,0,0.214200021,32.65345327,0,0.780930078,1.383200138,0,0,0,0.327490033,0,0,0,0,0,0.458950046,0,0,0,0,0,0,0,0,0,0,0.820140082,0,0,0,0,0,0,0,0,0.324680032,0,0,0,0,0,0,0,0,0,0,0,0,0,0,0,0,0,0,0,0,0,0,0,0,0,0,0,0,0,0,0,0,0,0,0,0,0,0,0,0,0,0,0,0,0,0,0,0,0,0,0,0,0
4028,0.152414719,7.067298289,4.08883357,6.109039489,23.3857374,2.411124081,3.334904738,17.43365217,0.088830727,0.967216008,2.917541484,0.027805937,0.056251674,0.561592588,6.602153102,0.057551587,0.378782262,0.209377283,0.020615797,0.247196607,1.728629492,0.092639064,0.143548911,2.12269588,9.402286099,0,0.064152704,0,0,0.019468218,0.033218853,3.759133153,0,0.100986938,0,0,0.013039745,0,0,0.66355446,0,0.110847992,0,0.485852384,0,0.05770392,0,0.000883534,0,0,0.00638785,4.691373396,0,0.115417996,0,0.144483223,0,0,0,0.01877764,0,0,0,0,0,0,0,0.062751236,0,0,0.042379173,0,0,0,0.001868624,0,0,0,0,0,0,0,0,0,0,0,0,0,0,0,0,0,0,0,0,0,0
4029,89.83266423,0.360758685,1.243250311,0.586409825,0.777255174,0.243357398,0.242649552,1.987074937,0.326448387,0.189965598,0.012255845,0.134733398,0,0.183514089,0.060359025,0.170520061,0.093031167,0.133924432,0,0.198530532,0.150680154,0.003610014,0.024673483,0.104478045,0.006714423,0,0.05295698,0.032692365,0,0.035068705,0.027059935,0.229999336,0.001274123,0.019445536,0.002325779,0,0.199814767,0,0,0.019344415,0.014207477,0.026048727,0.026655452,0.055747915,0,0,0,0.007664959,0,0,0,0.779530393,0,1.102611456,0,0,0,0,0.006542518,0.244803426,0,0.004631334,0.019020829,0,0,0,0,0,0,0,0.006330164,0,0,0,0,0,0.01936464,0,0,0,0,0,0,0,0,0,0,0,0,0,0,0,0,0,0,0,0
4030,0.776674363,2.476188778,0.677766047,32.68964396,0.120430425,10.70496796,9.652570746,5.402877341,0.637374948,5.160063794,1.825272306,6.014686824,4.595861897,0.312410192,0.138885528,1.934602077,0.197837856,0.477561609,1.01285511,2.045194733,1.03275351,0.043871993,0.855641828,0.174883061,0.00380988,0,0.012703139,0.86797353,0.110348569,0.036761631,0.108926497,0.11103838,0.058071492,0.105021104,0.012926001,0.006123401,0.061180948,0.023496031,0,3.324072883,0,0.11809568,1.375854994,0,0,0.06833376,0.007938135,0.061276461,0,0,0.069214596,2.177893185,0,0.609389838,0.440799977,0.430930371,0.408431913,0.338644243,0.033439925,0.017277118,0.015186459,0.009094896,0.008935708,0.005932376,0,0,0,0,0,0,0,0,0,0,0,0,0,0,0,0,0,0,0,0,0,0,0,0,0,0,0,0,0,0,0,0,0
5001/1/1,0,0,0,0,0,0,0,0,0,0,0,0,0,0,0,0,0,0,0,0,0,2.114812945,0,0,0,0,0,0,0,0,0,0,0,0,0,0,7.612311918,0,0,0,0,0,0,0,0,0,0,1.915498202,0,0,0,0,0,0,0,0,0,0,0,21.59662256,0.134091108,0,0,0,40.8891568,0,0,1.680078286,0,0,0,2.480314673,0,0,0,0,2.247055263,0,0,0.217168477,0,0,18.67357613,0.038448408,0,0,0,0,0,0.400865234,0,0,0,0,0,0,0
5002/1/1,0,5.08413326,0,0.001729729,54.74249316,0,0.007279794,0,0,0,0,0,0,0,0,0,2.76890998,0,0,0.486402216,5.99339816,0.05775303,0,7.073931096,0,0,0.003546566,0,0,0,0,1.07157319,0,0,2.456227285,0,0.334273194,0,0.787362577,0.939454267,0,0.342274745,0,0,0,0,0,0.094935976,0,0.597951055,0,0,0,0,0.285255916,0,0,0,0,2.3439318,0,0,0,0,1.064280952,2.027752316,1.972152114,2.251596639,0,0.60371267,5.228298064,0.010266376,0,0,0,0,0,0,0,0,1.348815111,0,0.020308758,0,0,0,0,0,0,0,0,0,0,0,0,0,0
5003/1/1,0,8.194783312,0,53.690875,0.911809404,1.602814727,2.884838618,0,1.410443488,3.673996892,0,0.363787276,0,0,0.283491646,0,0.14232445,1.418579875,0,0.432991071,1.180612825,0.043405931,0.913661011,9.605493859,0,0,0.028326019,0,1.364918893,0,0.472373318,0,0.022842415,0.061494702,0,0,1.835796682,0,0.245088614,0.851667799,0,0,0.155784205,0,0.018925555,0,0.005732859,1.809678347,0.205065426,1.994714375,0.002350116,0,2.464061029,0,0,0.028504059,0,0,0,0.004771448,0,0,0.013228305,0.062651956,0,0,0,0.014171912,0,0,0.039061777,0,0,0,0.404949914,0.295865363,0.247616769,0.025993707,0,0,0,0,0,0.075185908,0,0,0,0,0,0,0,0,0,0,0,0,0.495269145
5004/1/1,0,0,0,0,0.034148086,0,0,0,0,0,0,0,0,0,0,0,0,0,0,0,0,0,0,0,0,0,0,0,0,0,0,0,0,0,0,0,0,0,1.795973517,0.035681342,0,0.447426997,0,0,0,68.06499039,0,0,0,0,0,0,0,0,0.012076762,0,0,0,0,0,0,0,0,0,22.78862278,0.385812795,0.87340733,0,0,0.041038276,5.341828206,0,0,0,0,0,0,0,0,0,0,0,0.052338945,0,0,0,0,0.071476259,0,0,0,0,0,0.055178309,0,0,0
5006/1/1,0,2.074593081,0,3.907060244,82.47803121,0,0.005280738,0,0,0,0,0,0,0,0,0,0.180097718,0,0,0.206921,3.695912607,0,0,1.576668636,0,0,0.024817421,0,0,0,0,0,0,0,0,0,0.237520624,0,0.464408135,0.821052377,0,0.007204727,0,0,0,0.012710613,0,0.225014691,0,0.587850496,0.157183819,2.240056197,0,0,0.014685773,0,0,0,0,0,0.003459088,0,0,0.054362943,0.394950059,0,0.027508959,0,0,0,0.032063084,0,0.011175515,0.307848589,0,0,0,0,0,0,0,0,0,0,0,0.237530858,0,0,0,0,0,0.014030797,0,0,0,0,0
5007/1/1,0,12.3215617,0.193351154,0.022865772,29.49689338,0,0,0,0,0.170974425,0,0,0,0,0.004962004,0,0.080644488,0,0.019108485,0,0.05758787,0.0676073,0,1.735973692,0,0,0.002922334,2.746624108,0,0,0,0.006643837,0,0,0,0,0.07479982,0,0.473644723,0.927035883,0,42.93305708,0,0.358242353,0,0.009697377,0.024034705,0.005868524,0.000775313,0.282309383,0.254481608,5.475749996,0,0,0,0,0,0,0,0.041962329,0.065722693,0,0,0.029772022,0.387107856,0,0,0.362965799,0,0.017736778,0,0,0,0,0,0,0,0,0,0,1.061630233,0,0,0,0,0,0,0,0,0,0,0,0,0.285684977,0,0,0
5008/1/1,0,7.708371186,0,37.5673731,9.792411809,1.481503747,6.614352514,0,0.04634899,0.168192891,0,1.878247885,0.023161076,0,0,5.459921811,3.084985584,0.033681519,1.950334386,0.014733987,5.233893323,0,0,0.382681097,0,0,0.042403825,0,0,0.01733726,0.054588215,3.772303271,0.035774872,0,0.021658156,0.025227592,0,0.019323262,0.264138254,1.561963662,3.940281459,0.271679693,0,0,0.056842595,0.02989738,0,0,0.021792345,0.502512158,0.23566328,0.78200167,0,0.056252162,0.071683934,1.779269844,0,0.106761021,4.410561343,0.016317421,0,0,0,0.145166004,0,0,0.200935085,0,0.004052517,0.053461024,0.054105133,0,0,0,0,0,0,0,0,0,0,0,0,0,0,0,0,0,0,0.005850654,0,0,0,0,0,0,0
5010/1/1,0,0.003307143,0,0.001199848,0,0,0,0,0,0,5.59505082,0,41.2594125,0,7.375291971,0,0,0,0,0,0,0.010798629,0,0,0,0,0,1.957163221,0,0,0,0,0,0,0.011050697,0,0,0.017271756,3.321057245,4.788037338,0,2.239712214,0,1.577114005,1.569995582,0,0,0,0.204347159,0,0,3.30752619,0,0,1.701293194,0,0,0.007350327,0.203157394,0,0,0,0,0,0.119379798,1.302701795,1.486883447,0.049486153,0.612960815,1.396431068,15.85994894,0,0.216698532,1.921389613,0,0,0,0,0,0,0,0,0,0,0,0,0,0,0,1.730815495,0,0.005898411,0,0,0.143144847,0.004123846,0
5011/1/1,0,0,0,0.061410226,0,0,0.005727926,0,0,0,0,0,0.009344174,0,0,0,0,0,0,0,0,0.062492461,0,0,0,0,0,0,0,0,0,0,0,0,0.12604076,0,0.653260681,0,0,0,0,6.908129088,0,0,0,0,0,0.556413865,0,0,0,0,0,0,0,0,0,0,0.034420346,37.81331027,0.0412701,0.175427621,0,0,19.38875115,0,0,0,0,0,0.007258892,0,0,0,0,0.349812602,0.054705649,0,0,0,0,0.013118797,0,0.241694706,0,0,0.083873197,28.67927497,0,0.047393965,0,0,0,4.679979211,0.006889348,0,0
5012/1/1,0,8.861435201,0,0.000959563,0,0,0.009449605,0,0,0,0,0,0,0,0,0,0,0,0,0,4.345399972,0,0,15.42932811,0,0,0.024865187,0,0,0,0,0,0,0,0,0,0.137363468,0,0,0,0,2.021402,0,0,0,0,0,0.328817062,0,0.155407417,0,0,0,0,0.850631361,0,0,0,0,0.533704531,0,0,0,0,45.34782162,0,0,1.162593497,0,0.071383111,5.109837582,0.685524018,0,0,0,0,0,0,0,0,0,0,1.474972835,0,0,0,0.066209818,6.871072964,0,6.434013072,0,0.072905895,0,0.004902113,0,0,0
5013/1/1,0,14.82265631,0,0.098191994,0,5.327937666,5.713352904,0,0.313232187,0.408159346,0,21.23720815,0,0,0.145929929,0.001481522,0.02260693,0,3.937172488,0,0.026749705,0,0,4.343658262,0,0.961096326,2.605146918,0,0,5.96655601,0,0,0,0,3.401876595,0,0.130758045,0,3.838980493,0,0,0,0,0,0.001426651,0,0,1.737139565,0,0.553348514,0.076572745,0,0,0,0.47658372,1.089522346,0,0,0,0.793025872,0,0,0.081428846,0.417460013,12.4718648,0,6.059370627,0.220170649,0.031523499,0,1.274547999,0.380833493,0,0,0,0,0,0,0,0,0,0,1.024499986,0.007928887,0,0,0,0,0,0,0,0,0,0,0,0,0
5015/1/1,0,13.14277796,0,22.81858459,14.4469726,1.767018178,0.004166208,2.25655538,0.104872965,2.634790861,0,5.216045174,0,0,0,11.34592537,0.392466123,0.136782683,0,0.007833095,10.43567922,0,0.277232253,1.595142608,0,0.294115536,0.086600946,0.197621798,0.305241027,0.00922183,0.055799096,0.023592906,0,0.014651944,3.114950194,0.018708925,0,0,0,0.142462457,6.588225455,0,0,0,0.066487681,0.122723682,0,0.055845907,0,0,0.20503359,1.726932083,0,0,0.052475492,0.185856552,0,0,0,0.104638908,0,0,0,0.023795755,0.022172963,0,0,0,0,0,0,0,0,0,0,0,0,0,0,0,0,0,0,0,0,0,0,0,0,0,0,0,0,0,0,0,0
5016/1/1,0,0,0,0,0,0,0,0,0,0,0,0,0,0,0,0,0,0,0,0,0,23.3971527,0,0,0,0,0,0,0,0,0,0,0,0,0,0,45.05402132,0,0,0,0,0,0,0,0,0,16.86303051,0,0,0,0,0,0,0,0,0,0,0,0,0,1.634739078,0,0,0,0,0,0,0,0,0,0,0,0,0,4.078925106,0,6.045338697,2.926792587,0,0,0,0,0,0,0,0,0,0,0,0,0,0,0,0,0,0,0
5017/1/1,0,16.74934838,0,0,0,0,0.058877382,0.695193192,0.13302421,0.31175674,0,0.04840881,0,0,3.609290224,0,10.37162097,0.163429744,3.532309547,0.01560284,12.61156197,0,1.096466224,9.706933329,0,0,0.058677346,3.15527426,0,0,0.198902867,0,0,0.095617402,0,0,0.50212472,0.003100564,1.077329407,3.85560172,0,4.623741521,0,0,0.093016929,11.72933474,0,0.792544243,0,0.099451433,0.951039756,0.175065195,0,0,0.234709384,0.443747429,0.050975944,0,0,3.73197922,0,0,0,0.161896132,2.981142568,0,1.071995103,1.496672394,0.033806153,0,0.505091927,0.085015473,0,0,0,0,0,0,0,0,0.018603386,0,0.184966997,0,0,0.131057186,0,0,0,2.353695039,0,0,0,0,0,0,0
5018/1/1,0,20.7396449,0,0,35.00650004,0,7.668318267,0,0,0,0,10.75256626,0,0,0,0,0.001453199,0.235070047,0.673088393,0,2.484652101,0,3.59123273,12.5635396,0,0,0.0003633,0,0,0,0.059096752,0,0,0,0,0,0.015621887,0,0.508316839,0.457409467,0,0.752605616,0,0.008719193,0,0.005025646,0,0,0,0.299616295,0.445738464,0,0,0,0.024265393,0.002966948,0,0,0,0,0,0,0,0,1.334853944,0,1.181117619,0.008007731,0.000529812,0.115287107,0.719484793,0,0,0,0,0,0,0,0,0,0,0,0,0,0,0,0,0,0,0.340608612,0,0.004299047,0,0,0,0,0
5020/1/1,0.100811375,0,0,0,0,0,0,0,0,0,0,0,0,0,0,0,0,0,0,0,0,1.306048949,0,0,0,0,0,0,0,0,0,0,0,0,0,0,5.56451558,0,0,0,10.26372859,27.97684357,3.843885032,0,0,0,0,1.703463608,0,0,0,0,0,0,0,0,0,0,0,5.568644525,5.824505925,0.002900621,0,0,29.33439334,0,0,0,0,0,0,0,0,0,0,0.294339024,1.094910387,0,0,0.164181061,0,0,0,0.427427206,0.221423927,0,0,4.226411811,0,0,0,0,0.834875645,0.420974804,0,0.82571501,0
5022/1/1,0.026873171,11.40994314,0,0.007111532,2.278204673,0,8.120981555,3.758887615,1.888931388,0.012229176,0,0.584474862,0,0,0,0.482332441,0.043223048,0.37213693,0,0.432706799,0.393471525,0.020082877,0.790853285,4.496360103,0,0,0.025754379,6.627626351,0.039279582,0,1.437781131,0.066695534,0,0,0,0.007288766,0.052073693,0,0,0.089957553,0,22.74522627,7.643578447,0,0,0,0.026707014,1.061789352,0.006646291,0.084551903,0.235887957,0.017313589,0,0,0,0.011509161,18.97980314,0.021545061,1.458085551,0.049492716,0.00898357,0,0.246056783,0,1.01146585,0,0,0,0,0.001938502,0,0,0,0,0.019085933,0.039412508,0,0.022686008,0.045261244,0,2.410787108,0.06083572,0,0,0,0.033585926,0,0,0,0,0.208084305,0,0,0.022641699,0.061777278,0,0
5023/1/1,46.94023818,25.5435697,0,0.081615388,1.127605971,0,1.462046358,0.567653641,0,0,0,4.807872543,0,0,0,1.938313429,0.042866002,0.043999228,0.566346962,0,0.385146462,0.028087812,0.007736001,0.022757025,0,0,0.003110589,1.263477438,0,0,0,0.017553437,0,0,0,0.014200014,0,0,0.974562664,1.254851045,9.292162853,0.472138891,0.002220198,0,0,0,0,0,0,0,0,0,0,0,0,0.208675445,0,0,0,0,0,0,0,0,2.417147603,0,0,0,0,0,0.32655406,0,0.057216342,0,0,0,0,0,0,0,0,0,0,0.00612867,0,0,0,0.124146048,0,0,0,0,0,0,0,0,0
5026/1/1,0,0.205558802,0,0,3.829499804,0,0.435282059,2.394403002,0,0,0,0,0,0,0,0.57124437,0,0.105074249,0,0.146155014,0,0,0,0,0.561421228,0,0,0,0,0,0,0,0.309202497,0,0,0,1.012606287,0,0.017405083,0.684663523,0,24.05928505,0.273450548,0,0,0,0,3.465018286,0,0,0,0.425888082,0,0,0,0,0,0,0,0,0.643940396,0,0,0,0,0,0,0,0,0,0.542525983,0,0,0,0,0,0.367879086,0,0,0,0.040949631,0,0,0.368439386,0,0.539211864,0,0,0,0,12.92866276,0,0,46.072233,0,0,0
5027/1/1,0,4.246157299,4.377631987,17.90477193,0.138484086,4.905179197,0.271898134,36.88559721,0.058817988,1.265251673,0.971535751,2.46504998,0,0.913091782,2.820368257,4.344607474,1.280018507,0.090512656,0.384810386,0.084043508,1.519335409,0,0.53511071,5.206417062,0.042374994,0,0.029866129,0.207359036,4.62192196,0.04029711,0.011677712,2.014495323,0.015334789,0.013866417,0.104448335,0.015334789,0.056850924,0,0.034756084,0.886134691,0,0.004225032,0,0.002562724,0.003795603,0,0.001897801,0,0,0,0.009253513,0.010015404,0,0,0,1.066578195,0,0,0,0.100694291,0,0.009281218,0,0,0.028286936,0,0,0,0,0,0,0,0,0,0,0,0,0,0,0,0,0,0,0,0,0,0,0,0,0,0,0,0,0,0,0,0
5029/1/1,0,0.00417462,0,0.018726152,0.079556326,0,0,0,0,0,0,0,0,0,54.71675383,0,0.009983305,0,0,0,0,0.014301055,0,0,0.025345906,0,0,0,0,0,0,0,0,0,0,0,0.421529254,0,0.316996774,0.043976638,0,2.953126057,0,0,0,0,0,0.327993915,0,0,0,1.541734807,0,0,0.4950622,0,0,0,0,1.378554883,0.135007205,0.048950399,0,0,1.468034876,1.49747191,0.060412712,20.79633378,0,0.151192802,6.949859357,0.596588954,0,0,0,0,0.099248604,0,0,0,0,0,5.535402744,0,0,0,0,0,0,0.313680933,0,0,0,0,0,0,0
5030/1/1,0,3.724381258,0,0.239801526,28.8348889,0,0,2.208354424,7.597071255,0,0,0,0,0,5.088614396,0,3.985062037,3.103378416,0,0.835007568,0,0.898244781,0,0.038171949,6.572595894,0,0,17.45446646,0,0,0.546599547,0,0,0,0,0,0.059132484,0,0.067443544,0,0,1.833371163,5.396194754,0.742732445,0,0,0,0.476808992,0,0.098320455,0,0.523921935,0,1.759496199,0,0,1.158793478,0,0,2.296839785,0,0,0,0,1.476432454,0,0.143472475,0.581347501,0,0,0.021417745,0,0,0.705088828,0,0,0,0,0,0,0,0,1.532547352,0,0,0,0,0,0,0,0,0,0,0,0,0,0
5031/1/1,0,0.014653432,0,0.211401936,0,0,0.005104804,0.056762981,0,0,0,0.023378376,0,0,0,0,0,0,0,0,0.007372476,5.664868189,0,0.003752336,0.001189765,0,0,0,0,0,0,0.013738228,0,0,0,0,0.098292901,0,0,0,0,0,0,0,0,0,0.906784041,3.77546021,0,0,0,0,0,0,0,0,0,0,0,0.007647037,0,0,0,0,0,0,0,0,0,0,0,0,0,0,0,30.51979312,3.480551002,0,0,0,0,0.024679999,0,5.916386563,0,13.05709225,0,0,0.292387313,0,35.69125454,0,0.227448511,0,0,0,0
5032/1/1,0,0,0,57.14460279,0,0,0,10.62453098,0,0,0,0,0,0,0,27.08640335,0,0,0,0,0,0,0,0,0,0,0,0,0,0,0,0,0,0,0,0,0,0,0,0,0,0,0,0,0,5.144462877,0,0,0,0,0,0,0,0,0,0,0,0,0,0,0,0,0,0,0,0,0,0,0,0,0,0,0,0,0,0,0,0,0,0,0,0,0,0,0,0,0,0,0,0,0,0,0,0,0,0,0
5033/1/1,0,10.17313154,0,46.76966365,0.015975039,0,6.651761602,8.962026691,0.150860452,1.04294183,0,2.306551004,0.028176329,0.391694233,0.208928451,0.005146021,2.072235517,0.024596489,1.164716076,0.04172006,2.567118656,0,0.354061158,1.418109131,0,0,0.022672324,1.114165743,0.291428862,0.919959387,0.006831529,2.645412755,0.002118072,0.105008659,0,0,0.173383616,0,0.136093609,0.078264267,0,0.266310313,0.776646432,0.072834842,0.038990431,0,0,0.288773814,0,0.032412474,0.12108811,2.184329277,0,0.126278879,1.076502836,0.074162366,0,0,0.136958737,0.012171458,0,0,0,0.001670592,2.83320523,1.921225905,0.172533404,0,0,0,0.006622705,0,0,0,0,0,0,0,0,0,0,0,0.012529442,0,0,0,0,0,0,0,0,0,0,0,0,0,0
5034/1/1,0,2.177241688,0.097943488,31.96322478,0.289748747,0,1.732547372,9.459647957,0.209977778,1.497884073,0,2.3173511,1.357384236,1.745236191,0,0.066336793,0.503151619,0.050932744,0.372057481,0.103711134,10.37075843,0,0.138139539,9.045531033,4.454893643,0,0.16449324,0.349891976,6.685694572,0.340095853,0,10.48870234,0.518591161,0,0,0,0,0,0,0.304123494,0,0.154981063,0.494331558,0.121954639,0,0,0,0,0,0,0,1.779859809,0,0.499016661,0,0.038261671,0,0,0,0.047099478,0,0,0,0,0,0,0,0,0,0,0,0,0,0,0,0,0,0,0,0,0,0,0.059202659,0,0,0,0,0,0,0,0,0,0,0,0,0,0
5035/1/1,0.472457335,3.967690035,0,0.25567506,0.202226827,0.011534802,0.061727622,7.196182403,0,0.160156886,0.00552481,0.080618403,0,0,0.122672693,11.70780798,2.28852342,0,0.002425908,0,0.484399063,3.987989407,0,6.722191268,0.288745665,0,0.037625052,24.11041168,0,0.04327507,0.806747468,0.064122228,0,0,0,0.077081273,0.154475566,0,0.454709079,0.027279728,0,13.10639876,0.001392941,1.582239849,0,1.597859567,0.815543341,0.845436789,0,0.13013823,0,0.660770406,0,0,0.122140559,0.295303442,0.002535465,0.003130204,5.474601525,0.8693985,0.06092942,0.408648128,1.072094858,0,0.09207495,2.622359673,0.690742109,0.045356655,0,0.956621633,2.572839846,0.012239097,0.001064269,0.635713123,0,0,0.038532811,1.306155859,0,0.006886449,0.157261447,0,0,0.017403934,0.001909424,0,0,0,0,0,0,0,0,0,0,0,0
5037/1/1,0,11.09167744,0,8.449628369,0.573409602,2.495808132,10.84069562,0.013061214,0.643711305,2.144913606,0,0.976883885,0,0.063547827,0.012084413,0.334958729,0.391250327,0.004549098,0.823665803,0.018335934,18.83097673,0.066617771,0.210905109,6.77709532,0.000334903,0,0.407074489,0.226087374,0.001004709,3.406269606,0.227315351,0.856988642,0,0.022131501,0.000362811,0.005749167,0.031983228,0,1.16922979,21.34877682,0.191704008,0.078618459,0,0,0,0.004995635,0,0.017721946,0,0.040718612,0,0,0,0,0.080879053,4.178416177,0,0,0.049816808,0.119978968,0.01116343,0.00647479,0.898767781,0.064831622,0.254554121,0,0.63949711,0.124862969,0,0.001255886,0.615077106,0.01568462,0.000530263,0,0,0,0.009544733,0.000418629,0,0,0,0,0.018726654,0,0,0,0,0.10700148,0,0,0,0,0,0,0,0,0.001674515
5039/1/1,0,0.593739542,0,0,0,0,0,0,0,0,0,0,0,0,0,0,0,0,0,0,0,0.516079756,0,0,0,0,0,0,0,0,0,0,0,0,0,0,0,0,0,0,23.45484719,0,0,10.2781517,0,0,0,0,0,0,0,0,0,0,0,0,0,0,0,10.70476935,0.464082252,0,0,0,34.2548504,0,0,17.36088985,0,0,0,0,0,0,0,0,2.372589939,0,0,0,0,0,0,0,0,0,0,0,0,0,0,0,0,0,0,0,0
5040/1/1,0.00464921,0.533982401,0.308188712,0.027932852,0.006115402,0,0.408303363,0.12906256,0.00160404,1.009179244,0,0,0.010037781,0,0,82.75225941,0.001541382,0.256395765,0,0.073497613,1.783617263,0.000651641,0,5.299885925,0,0,0.008972599,0,0,0,0.014098008,0.137909843,0,0,0,0.897385177,0.001704292,0,0.803949848,2.172872651,0,0.277336005,0,0.01797026,0.01901038,0.613695669,0,0.024937809,0,0.069023845,0.02847171,1.943545061,0,0,0.009962592,0.013321051,0,0,0.000501262,0,0,0,0,0.049850555,0.00497503,0,0.056141399,0,0.014235855,0.112596087,0.005363509,0,0.008997662,0.086267275,0,0,0,0,0,0,0,0,0,0,0,0,0,0,0,0,0,0,0,0,0,0,0
5041/1/1,0,3.774422745,0,26.99055183,0.461147818,0,1.44831108,0,3.63103115,0.009402728,0,0,0.793579012,0,0.01626448,7.003140287,3.948373205,0.308946762,0.234172691,0.381952226,7.712867118,0.052834374,3.054017103,2.292004391,0,0,0.007287114,0,0,0.209221882,0,1.069056542,0.026092569,0,0,0.024379929,0.102366599,0.040801121,0.135600764,1.091443988,0,3.570831306,0.003212599,0.063121406,0.337625081,0.076106125,0,0.289693558,0,0.165252937,0.251556543,11.1808393,0,3.383470766,0.096288408,0.102030788,8.988056073,0.00363796,3.604322926,0.042536148,0.096098114,0.004365552,0,0.073005463,0.380116455,0,1.124834865,0.193136501,0.086258832,0.293644943,0.623042638,0,0.018033088,0,0,0.041707813,0.012481001,0.061934871,0,0,0.001320859,0,0.002910368,0,0.009257209,0,0,0,0,0,0,0,0,0,0,0,0
5042/1/1,1.4435094,1.888075248,0.145692061,13.22373129,9.756718602,14.10594355,20.83960122,0,0.782664421,5.964415432,0,2.640912603,0.286833302,0,0.020615767,0.030167007,0.92365214,0.131480341,0.111687012,0.13343226,1.423738003,0.615205181,0.003958666,0.812787565,0.195630466,0,0.036691678,3.211486842,0,0.008761701,0.504516059,0.170716093,0.724359085,0,0,0,0.247038293,0.005011386,0.195202799,4.241079898,0,0,0,0,0.262642674,0.402029381,0.06237366,0.351038256,0.004046392,0.319895289,0.749580502,8.616513185,0,0,0.100863735,0.019146345,0,0,0,0.024881476,0.10553518,0.045870081,0,0.055805126,0.13566929,0.867693493,1.112823731,0.036647815,0.118518726,0.003245887,0.365557019,0,0,1.291511984,0,0.031757053,0.032776876,0.023083079,0,0.019179242,0,0,0,0,0.007588357,0,0,0,0,0,0,0,0.008410794,0,0,0,0
5043/1/1,0,0,0,0,0.735984927,0,0,0,0,0,0,43.02999444,0,0,0,40.93235236,0.629666258,0,0,0,1.900568596,2.940860434,0,4.149765022,0,0,0,0,0,0,0,0,0,0,0,0.158421516,0,0,0,0.507538937,1.146236871,0,0,0,0,0,0,0,0,0,0,1.907629022,0,0,0,0,0,0,0,0,0,0,0,0,0,0,0,0,0,0,0.686497529,0,0,1.274484086,0,0,0,0,0,0,0,0,0,0,0,0,0,0,0,0,0,0,0,0,0,0,0
5044/1/1,0,0,0,0,0,0,0,0,0,0,0,0.214697662,0,0,0,0.031328106,0,0.004126092,0,0,0.643559614,0.401086309,0,5.404616634,0,0.990885966,0,0,0,0,0,0,0,0,4.544004467,0,3.928331195,0.031307979,0.24705226,0.041120027,0.00295871,7.5915459,0,2.360718238,0.082320562,0,0.013213557,7.822194429,0.01914104,0.299312734,4.061181286,21.93509879,0,0.002364955,0.00273731,0,0,0,0,0.071653106,2.685481913,0.447509873,0,0.018466777,0,0.000915791,0.022492232,0.128935335,2.224194919,0.936854292,13.32316034,0.045366882,0.168988616,16.82944266,0,0,1.079566748,0.0876241,0.066480395,0.099167093,0,0,0,0,0.073444433,0,0,0,0,1.015350672,0,0,0,0,0,0,0
5045/1/1,0,2.411920699,0,0,9.279932421,0,0.013284391,0.131920101,0.109083512,0,0,0.391141251,0,0,0.702520727,33.23793453,0.1744708,0.003122479,0,0.360877228,22.99406156,0.021247635,0.340461022,21.85880965,0.000406477,0,0.045414511,0,0.016369917,0.006891624,0.02054554,4.100812085,0,0.021875826,0.000277143,0.434615761,0.099716076,0,0.026254687,0.065701384,0.00958915,0.900807355,0.818421958,0,0.01441144,0,0,0.056703472,0,0,0.003362669,0.015427631,0,0.533722122,0.025090686,0.227257316,0,0,0.215580355,0.226721507,0.018143633,0,0,0,0,0,0.021506302,0,0,0,0.005302671,0.018236014,0,0.012914867,0,0,0,0,0,0,0.00628191,0,0,0,0,0.000849905,0,0,0,0,0,0,0,0,0,0,0
5046/1/1,0.042879065,21.61100694,0,21.10638348,0.52542604,1.402787993,1.035495131,0.03872135,0.519154469,8.573671218,0,0.142440251,8.044311447,0.001189919,0.0043817,0,2.034886732,0.598207059,0,0.126509342,0.192458828,0.099043221,1.879511366,0.656835046,0.000405972,0,0.007559483,2.234303084,0,0.090251823,0,1.146087562,0.031315857,0.173280141,0.222850748,0,1.944984885,0,0.024456326,0,0,5.5333173,10.91711083,0.096173418,0.187685155,0,0,0.440283867,0.088641933,0.269831533,0.023042423,4.165764895,0.34979406,0.839508544,0.002099856,0.468631927,0,0.014447011,0.148711822,0.02557625,0,0,0.001399904,0.017288817,0.026948156,0,0.284698515,0.020228616,0.218637036,0,0.039925268,0,0.00599159,0,0.016140895,0.043998989,0.195076649,0.003107787,0,0,0.008077447,0,0,0.113896205,0,0.040751211,0,0,0,0.855509449,0.026906159,0,0,0,0,0,0
5047/1/1,0,0.344139967,0,0.003704967,0.003715258,0,0,0,0,0.003283012,0,0,0.013728961,0.007070312,26.73212863,0,0.025893602,0.01339963,0,0,0,1.681684476,0,0,0.01470666,0,0,0,0,0,0,0,0,0,0,0,11.08051655,0,1.860088923,0.07032233,0,0.001656944,0.01607544,0.970742494,0.168658327,0,0.040415014,5.009362246,0,0,0,0.004476835,0,0,6.913807856,0,0,0.004168088,0,0.909651706,0.121028919,0.162411341,0,4.188526829,0.442743544,0.462390161,2.637668851,4.19604997,0.695175289,0.002737559,11.38003225,4.002619823,2.905465917,0.004775291,0,0,1.780298345,0,0.015591736,0,0,0.704643538,0.010631197,0,0,0.581978259,0,0.07541666,0.101896881,6.863132142,2.621655161,0.019286411,0.13044571,0,0,0,0
5048/1/1,0,0.034305377,0,0.034794456,0.025571829,0,0,0,0,0.001117894,0,0,0,0,0,0,0.058305168,0,1.68484118,0,0,0.350879032,0,0,0,0,0,0,0,0,0,0,0,0,0,0,0.034549917,0,16.0868464,0,8.446144575,0.82221116,0,0,0,0,0,0.10123929,0,0,0,0.382215002,0,0,1.478380101,0.013868875,0,1.346363787,0.146933215,2.832045135,0.016034794,0,0,0,8.608972847,0,28.14791137,5.658361062,0,0.32370023,0.020541305,0.015126505,0.002096052,0,0,0,0,0,0,0,0,0,1.577208933,0,0,0,0,0.298268137,0,0,0,21.45116637,0,0,0,0,0
5049/1/1,0,0.055466044,0,0.258017589,0.798158626,0,0.17673689,0.351313603,0,0,0,0.076390746,0,0.146494408,0,0.226678898,0.35916977,0,0,0,0,0.113307208,0,0,0,0,0.427349693,0,0,0,0,0,0,0,0,1.895345968,0.490725639,0,0,0,0,0.273708429,0,0.269882443,0,0,0,1.466201501,0,0,0,0,0,0,0,0,0,0,0,2.232742011,0,0,0,0,6.609615776,0,0.888757105,2.321986349,0,0,0.995981425,0,0,0,0,0,0.20954794,0,0,0,0,0.866908148,0,0,0,0,0,7.579116223,1.739243607,7.522747419,0,0,0,0,61.21624213,0.432164416,0
5050/1/1,0,0,0,0.00471654,5.864987926,2.189217366,5.302174195,0.003763197,0.08629262,0,0,0.930914624,0,3.124888672,0,2.280969131,0.003843479,0.063833859,0.190337495,0.130818768,1.468931396,0,0.610802022,0.605102032,0,0,33.91607027,0.013537475,0,0,0,0,0,0,0,41.95961819,0.009633785,0,0.260975214,0.050537229,0,0,0,0,0.073146518,0.053798667,0,0.002408446,0,0,0.067476634,0,0,0,0.014480783,0.224587606,0,0,0,0.023974075,0.002237848,0,0.042278266,0.130226692,0.031530575,0,0.002167602,0.003361789,0.006081327,0,0.107205961,0,0,0,0,0,0,0,0,0,0,0,0,0,0,0,0,0,0,0,0,0.141927726,0,0,0,0.001144012,0
5052/1/1,0,5.116871065,0.244347743,22.43072046,12.3273041,2.649100732,4.045227358,6.461760485,0,0.687376297,0.975995497,2.815487916,0,0,2.907682325,6.093203802,16.20059726,0.005674933,0.27047802,0.31964527,1.877321431,0.126802198,1.694967683,0.852414521,0.008686834,0,0.033456523,0.701447341,0,0.12152265,0.587785869,0,0,0,0,0.18367945,0.06418024,0.069366757,0.033177428,0.008093757,0,0.114533644,0,0,0.005616788,0.00111638,0.213984524,0.089659295,0.055400374,0.090287259,0.186865786,6.10106498,1.533964708,0,0.015768872,0,0.609264561,0.024339417,0.170515465,0.084705357,0,0.020815841,0,0.060179877,0.029270097,0,0.035631139,0,0.160805282,0.124104279,0.288572684,0,0,0.012710455,0,0,0.026107019,0,0,0,0,0,0,0,0,0,0,0,0,0,0,0,0,0,0.00660525,0.023734711,0
5053/1/1,0,0,0,0,0,0,0,0,0,0,0,0,0,0,0,0.042050295,0,0,0,0,0,0.008125411,0,0,0,0,0,0,0,0,0,0,0,0,0,0,0.10384482,0,0,0.003260515,0,0.929505592,0,0.02422097,0,0,0.020093572,0.549021587,0,0,0,0,0,0,0,0,0,0.003868627,0.006495153,0,0,0,0,0,92.89478111,0,0.128997366,0.137058084,0,0.285075121,0.25327216,0.003765119,0,0,0,0,0,0.002833543,0,0,1.347162058,0.014840519,0.001901967,0,0,0.002613588,0.018773839,0.478817002,0,0.562089524,0.002225431,0,0,2.127796668,0.009626283,0.037884081,0
5054/1/1,0,0,0,0,0,0,0,0,0,0,0,0,0,0,0,0.716488572,0,0,0,0,0,3.067864133,0,0,0,0,0.053457664,0,0,0,0,0,0,0,0,0.068690796,0,0,0,0,29.50769176,0.022495438,0,0.255526926,0,0.094764249,0,0,0,0,0,0,0,0,0,0,0,0,0,4.488548493,0,0.804681318,0,0,15.13007766,0,0,7.713933834,0,2.692579995,0.016189631,0.29593015,0,0,0,0,0,0.038189107,0,0.04362698,0.002816358,0,4.355612851,0,0.045044016,0,0,14.20000641,0.094374564,0,0,0,0.858351538,0,15.10457102,0.328486541,0
5055/1/1,0,0.331615918,0,0.043593583,0,0,0,0,0,0.017179622,0,0,0,0,0,0,0.158554081,0,0,0,0,1.683427149,0,0,0.035402208,0,0,0,0,0,0,0,0,0,0,0,0.394439896,0,0,0,0,0.0686013,0.086120764,0,0,0,25.27264153,1.019492191,0,0,0,0.004207015,0,0,0,0,0,0,0,0,1.451303038,0.361873615,0,0,0,0,0,0,0,0,0.210303882,0,0,0,1.141343287,0,0,0.129913565,0,0.088230131,0,0,0,0.136616665,0.719141778,0.133546364,0,0,11.87664985,0.010441366,18.6486083,0,0,0,0,35.9767529,0
5056/1/1,0,0,0,0.027618585,0,0,0,0,0,2.814370858,0,0,0,0,0,0.122096388,0,0,0,0,0,0.005597861,0,0,0,0,0,0,0,0,0,0,0,0,0,0,0,0,3.810901296,0.134107692,0,0.039833784,0,0,0,45.74219664,0,0,0,1.753502092,0,1.979195977,0,0,1.110990009,0,0,0,0,0.003002826,0,0,0,0,0.533835732,0,3.723596911,0.356353887,0,2.395309808,34.15760907,0,0.068731351,0,0,0,0,0,0,0,0,0,0.037164606,0,0,0,0,0,0,0,0.154126532,1.0298581,0,0,0,0,0
5057/1/1,0,0.001933226,0,0.006840644,0.032185019,0,0,0,0,0,0,0,0,0,0,0.002942327,0,0,0,0,0,0.611228556,0.016878546,0.020851218,0,0,0,0,0,0,0,0,0,0,0,0,1.44838957,0,0,0.026364098,0,13.24326414,0,0.120762864,0,0,9.795027107,0.611738418,0,0,0,0.004121382,0,0,0,0,0,0,0,0,1.840781244,0.09246554,0,0,0,0,0.115568648,0.323942743,0,0,0.182487993,0,0,0,0.623720168,0,0.190082808,0.044570409,0.135453253,0.120476066,0.013925597,0.054342757,0,0.809607239,0.487130348,6.920108286,0,0.051039279,0,0,0.097192383,0,0,61.95457812,0,0,0
5058/1/1,51.30931647,15.35401372,3.562824854,0.7900442,0.256857386,1.557561221,1.269997923,0.234223218,0.390807913,0.603847262,0.525650016,1.551617374,2.140046298,0,0.025938946,0.011673715,3.113695918,0.464380846,0.178339173,0.320290117,0.475222422,0.092510028,1.00807638,0.098774842,0.090714986,0.449830309,0.010496833,0.812488164,0,0.02014964,0.36680666,0.707733812,0.018342711,0.249249262,0.017510572,0,0.912951059,0,0.016523893,0.155930871,0.035805732,0.212825371,0.114740014,0.119304889,0,0,0,0.360553734,0,0,0.046350116,0,0,0,0,0.192330988,0.148477288,0,0,6.047970884,0.018093069,0.085531952,0.002769833,0,1.806608392,0,0.043116663,0.232059658,0,0.069483567,0.086875262,0.042569829,0,0,0,0,0.183771849,0,0,0,0,0,0.86331994,0,0,0,0,0.067082252,0,0.007275268,0.005694205,0,0,0.042950235,0,0,0
5060/1/1,0.232665978,0.018735172,0,0.111717954,0.103720026,0,0.045886321,0.107493464,0,0,0,0,0,0,0.046700415,0.053653221,0.079913266,0,0,0,0,0.25398645,0,0,0.036084184,0,0.070276149,0,0,0,0,0,0,0,0,0.110672833,0.040759726,0,0,0,1.334080687,93.12596296,0,0,0,0,0,0.012673469,0,0,0,0,0,0,0,0,0,0,0,0.267969071,0,0,0,0,0.764203609,0,0,0.687469712,0,0.142334504,0,0.013322545,0,0,0,0,0,0,0,0,0.022486607,0,0.276165021,0,0,0,0,0.715720988,0,0.01172736,0.01862516,0,0,0,1.294993154,0,0
5062/1/1,0.240493895,0.027403157,0.032278423,0.165112107,0.099815884,0,0.057659847,0.16349472,0,0.040064987,0,0,0,0,0.035674936,0.209301431,0.120830362,0,0,0,0,0.183816033,0,0.019605041,0.0714654,0,0,0,0,0,0,0,0,0,0,0,0.008780101,0,0.041093183,0.027345393,0.024630493,0.082278787,0,0,0,0.695037406,0,0,0,0,0,0,0,0,0,0,0,0,0,0,0.047608942,0,0,0,0.107648658,0,0.052345575,0.009149789,0,0.010293513,0.371086342,0,0,0,0,0,0,0,0,0,0,0,0.012396116,0.002853533,0,0,0,0.085386481,0,0.00723203,96.91538883,0.011252392,0.021176217,0,0,0,0
5063/1/1,0,5.529692774,0.256954025,9.260340247,2.129851255,0,0.304668813,7.583702504,4.538482883,0.10433539,0,0.016295743,0,0,4.399424296,0.065159287,7.019557142,0.327288631,0,1.509180034,1.308017612,0.107627699,1.004497554,1.087290824,0,0,0.041473614,0.003138352,0,0.006395132,0.583105744,0.014329832,1.135005613,0.786139334,0,0,3.886641316,0.001219812,1.041861703,0.013631105,0,9.509714856,0.044647494,0,0.002972552,0,0.100865439,10.18443678,0,0,0,1.295689219,0,0,0,1.78693008,0,17.0761505,0.085730294,0,0.252311633,0.001030327,0.501686242,0.226210021,0,0,0.221982128,1.633210061,0.146507731,0,0.277418446,0.038986618,0.008076815,0,0,0.004985834,0.837537244,0.005779304,0,0.117267768,0.01795374,0,0.193879077,0.078352207,0.021423691,0.396107354,0,0,0,0,0,0,0,0,0,0,0.866848265
5064/1/1,0,0,0,6.749464459,9.201160661,0,20.37941868,0,2.483526901,0.231657509,0,2.268266203,0,0,0,4.290349683,0,0,0,0.194076398,1.055037815,0,0,13.42331914,0,0,0.689425549,0,0,1.284742354,0,0.248569687,0,0,0,0,0.193167724,0.178547573,1.079477065,16.88642326,0,0.687377643,0,0,0,0,0,0,0,0,0,0,0,0,0.073833117,0,0,0,0,0,0,0,0,0,0,0,0,0,0,0.511718837,8.675242104,0,0,0,0,0,0,0,0,0,0,0,0,0,0,0,0,7.902910264,0,0.564177783,0,0,0,0.197155038,0,0.550954548,0
5065/1/1,0,0,6.845138206,0.016411404,14.02002541,0,0.00416194,2.398778013,0.002661587,0,0,0.000287739,0,0,0.024242018,0.012023383,0,0,0,0.001901133,13.31299909,0,0,50.55919009,0,0,0.005898651,0,0,0,0.385518996,0,0,0,0,0,0.033223588,0.000647413,0.068245546,1.01677745,0,1.4790714,0,0.441977516,0,0.561707805,0,0.018908569,0,0.030438685,0.156601999,3.72180234,0,1.25974228,1.219376597,0,0,0,0.073291256,0,0,0,0,0.192014459,0.707694287,0.5957124,0.238792614,0.146438643,0,0.025023024,0.403831534,0,0.008940465,0,0,0,0,0,0,0,0,0,0,0,0,0.009834511,0,0,0,0,0,0,0,0,0,0,0.000667966
5066/1/1,0,5.163284728,0,0.817443236,15.27100811,2.132126938,3.491210697,0.062340896,0.271021167,2.282805867,0,0,0.489686429,0.001205431,0.215169511,0.005645437,32.40199692,0.019447627,0.02033161,0.533483771,4.672654045,0.145897384,0,2.419722787,0,0,0.00922155,0,0.655413161,0.012114586,0.248479599,0,0,0,0.006649963,0,1.752757575,0.002872945,0.117087573,1.48221858,0,6.70766339,0.0241689,0.341257639,0.000703168,0,0,3.718936785,0.004259191,0.029050898,0.197208582,6.193185254,0,0,0,0.040522587,0,1.152111183,1.678723995,1.394844892,0.064169133,0.386401046,1.265783367,0.089483193,0.469314638,0,0,0.077951233,0.172256152,0,0.239418773,0.567055037,0,0,0,0,0.212397018,0.076042633,0,0.011632413,0.012777573,0.069432851,0,0.010447072,0,0,0,0,0,0.038774711,0.050728573,0,0,0,0,0,0
6002/1/1,0,0,1.489150575,0,0.143910371,0,0,2.36906834,0,0,1.945079103,0,0,0,0.213565669,0,0,0,0,0,0,78.46471129,0,0.290941248,1.836260922,0,0,0,0,0,0,0,0,0,0,0,4.370251757,0,0.953848911,0,0,0,0,0,0,0,0,3.705260157,0,0,0,0,0,0,0,0,0,0,0,0,0,0,0,0,0,0.828413228,0,0,0,0,2.918676819,0,0,0,0,0,0.25350598,0,0,0,0,0,0,0.217355625,0,0,0,0,0,0,0,0,0,0,0,0,0
6003/1/1,0,0,0.238999579,0,0.012381569,0,0,0.348522284,0,0,0.235748961,0,0,0,0.017580123,0,0,0,0,0,0,8.07714119,0,0.025152724,0.264359271,0,0,0,0,0,0,0,0,0,0,0,0.845477294,0,0.099125596,0,0,0,0,1.39651188,0,0,4.6758257,1.566396253,0,0,0,0,0,0,0,0,0,0,0,0,0.594753575,0.147604854,0,0,0,0.071635348,0,2.970919019,0,0,0.472471889,7.362443452,0,0,0.080047997,0,0.045849545,0,0,0,2.307220682,0,0.050950702,0,0.583029435,0.870824812,0,0,0,0,66.63902627,0,0,0,0,0,0
6004/1/1,0,0.106200297,0,8.202384097,11.91301473,1.01183801,12.136962,0,0.25213474,0.325320281,0.261765055,0.004196586,0,0,0,0.002328741,0.000776247,0.117746972,1.089535486,0.049024852,6.161266777,0,0.055307601,41.1349799,0,0,0.019333403,0.73852628,0,0.327624764,0.087885719,0.013147684,0,0,0,0,0,0.00245003,0.99725912,0.727634564,0.947288217,0,0.020570546,0,0,1.060862862,0,0,0,0.014142251,0,0.011789252,0.048442667,0,0,0.70012631,0,0,0,0,0,0,0.119105404,0.017441301,11.19974073,0,0.036653415,0.025834472,0,0,0.036410837,0,0,0,0,0,0,0,0,0,0,0,0,0,0,0,0,0.009120903,0,0,0,0,0,0,0,0,0.0138269
6005/1/1,0,0,0,0,0,0,0,0.004636196,0,0,0,0,0,0,0,0,0,0,0,0,29.21915381,0,0,47.43610153,0,0,0.001620617,0,0,0,0,0,0,0,0,0,0,0,1.850580735,0.028124888,0,0.0223399,0,0,0,2.263407325,0,0,0,0.069563455,0,0,0,0,0.007323549,0,0,0,0.318338453,0,0,0,0,0,3.906487515,7.367141186,0.678279586,0,0,0.050895586,6.776005675,0,0,0,0,0,0,0,0,0,0,0,0,0,0,0,0,0,0,0,0,0,0,0,0,0,0
6006/1/1,0,0,0,0,0,0,0,0,0,5.366052639,0,0,0,0,0,73.23686522,0,0,0,0,0,0,0,1.557558431,0,0,0,0,0,0,0,0,0,0,0,0,0,0,0,0,0,0,0,0,0,0,0,0,0,0,0,0,0,0,0,0,0,0,0,1.989106664,0,0,0,0,0,0,0,0,0,0,0,0,0,0,0,0,0,0,0,0,0,0,0,0,0,0,0,17.85041705,0,0,0,0,0,0,0,0,0
6008/1/1,0,0,0,0,0.010775413,0,0,0.001867882,0,0.31387979,0,0,0,0,0.05858456,0,0.005268939,0,0,0,0,1.769381113,0,0,0.086883515,0,0,0,0,0,0,0,0,0,0,0,4.101005568,0,0,0,0,26.60979595,0,0,0,0,0.878023405,1.106293727,0,0,0,0,0,0,0,0,0,0,0,17.97889531,3.01856243,0,0,0,35.22357254,0,0,0,0,0,0,0,0,0,0,0,0.187846327,0.187436041,0,0.186367138,0.949596764,0,0,0.160896998,2.776525925,0,0,1.195315049,0.208177092,0,0,0,0.006424219,0.126400561,0,2.852223741,0
6009/1/1,0,43.47072344,0,0.127710258,0.123527607,0,11.81714249,0.109067588,0.269283014,0,0,0.239247601,0,0,0.743237053,0,21.88247151,0.023622016,0,0.100702287,8.855348016,0.07305696,0.34381386,0.110063457,0,0,0.106318989,1.184845262,0,0.010516378,0.194234316,0.21817501,0,0,0,0,0,0,0,0.15790501,7.735274083,0.129184144,0,0,0.004341989,0.033979055,0,0,0,0,0.600628593,0,0,0,0.048797588,1.20890546,0,0,0,0,0,0,0.017447627,0,0.022028625,0,0.001912069,0,0,0,0.03569195,0,0,0,0,0,0,0,0,0,0,0,0,0,0,0,0,0,0,0,0,0,0,0,0,0,0.000796695
6010/1/1,0,20.38769853,0.491347879,40.78724455,0.226047223,0,0.010833302,0.003664883,0.21415364,4.517210429,0.002512404,0,0,0,1.026835703,0.011686137,0.332905072,0.084545856,0.602469901,0.127856016,2.273264747,0.09473377,0.144405614,4.687339373,0.020444977,0,0.017632928,0,13.12678144,0.690380996,0.196451563,0,0.006845725,0,0.005854593,0.002858148,0.00327304,0.001129429,0.038262301,2.301915374,0,0,0,0,0.021505257,2.786809371,0,0,0.088763929,0.13530103,0.072652274,0.00878189,0,0,0.030540692,3.168187708,0,0,0,0.128501404,0,0,0.002351057,0.042664771,0.087357905,0.002581553,0.027083256,0,0.011109897,0,0.947222457,0,0,0,0,0,0,0,0,0,0,0,0,0,0,0,0,0,0,0,0,0,0,0,0,0,0
6011/1/1,0,0.441658627,0,1.68434825,0,0,0,0,0,0,0.296182401,0,0,0,0,0,0,0,0,0,0,0,0,0,0,0,0,0,0.178907391,0,0,0,0,0,0,0,0.164965075,0,0,0.455752902,0,0,0,3.265819685,0,0,0,0.760217115,0,0,0,0,0,0,0,0.100572091,0,0,0,9.861991335,0,0,0,0,17.56997719,0.180566286,0,5.02680635,0,0,0.696837196,0,0,0,0,0,0,0,0,0,0,0,12.92890825,0,0,0,0,46.38648986,0,0,0,0,0,0,0,0,0
6012/1/1,0,0.056012288,0,0.161699625,0,0,0,0,0,0,0.019478668,0,0,0,0,0,0,0,0,0,0,0.521588023,0,0,0.006848664,0,0,0,0.029429243,0,0,0,0,0,0,0,4.924322819,0.008305117,22.65668126,0.112002339,6.95593007,0.003846815,0,1.057318092,0.517529967,0,0.217011481,7.242806818,0,0.089054868,0,0.008716481,0,0,1.695855947,0.003290916,0,0,0,0.11358109,0.139619354,0.31085819,0,0,2.948905742,15.72782342,6.196762339,0.533350826,0,4.684864175,18.56408198,0.142198721,0.608152467,0,0.017310665,0,0.329002702,0,0,0,1.819198606,0.533295236,0.068775707,0,0,0,0.707068966,0.010484237,0,0,0,0,0,0,0,0.256936079,0
6013/1/1,0,18.80463702,0,28.39481512,0.739280008,0,8.484671418,1.831421535,0.204295832,0.885504092,0,0.230539795,0,1.904407491,0.013887505,0,1.358561881,0.055297849,0.61414836,0.074354893,17.47833522,0.001801233,0.034817831,11.90710394,0,0,0.074084708,0.382185591,0,0.003620478,0.151519709,1.557760225,0.019399278,0.078605803,0,0,0.193110176,0.002053405,0.438582192,1.675038497,0.029882453,0,0,0,0.119781986,0.44877717,0,0,0,0.101967793,0.054235122,0.02127256,0,0,0.004016749,0.004845316,0,0,0,0.050092286,0,0,0,0.097068439,1.181518702,0,0.176268649,0.063565508,0,0,0.004196873,0,0,0,0,0,0,0,0,0,0,0,0.048669312,0,0,0,0,0,0,0,0,0,0,0,0,0,0
6014/1/1,0,0.025698467,0,0.156988357,0.066067831,0,0.086854312,0,0,0,0,0,0,0,0,0,0,0,0,0,0.026088823,0.003307187,0,0.058065524,0,0,0,0,0,0,0,0,0,0,0,0,0.184779568,0,0,0,0,1.682176107,1.249878014,0,0,0,0.009986619,0.450059312,0,0,0,0,0,0,0,0,0,0,0,0,0.651873603,0.001626485,0,0,80.53415944,0,0.003209598,0.322185042,0,0,0.004846926,0.036715194,0,0,0,0,0,0.019366018,0,0,0.293667334,0,0,0,0.046582538,0,0,13.54620411,0,0,0,0,0,0.53961359,0,0,0
6015/1/1,0,0,1.335616487,0,0.092461795,0,0,5.160181916,0,0,0,0,0,0,0.868311665,0,0,0,0,0,0,0.785403784,0,0,0.086757774,0,0,0,0,0,0,0,0,0,0,0,18.44514309,0,1.339298993,0.201739508,1.126099939,0.657159879,0,0.669610869,0,2.244976502,0,4.213095531,0,0,0,0,0,0,0,0.877865578,0,0,0,11.25872036,0,0,0,0,4.902007365,0,0,15.76315875,0,0.236710436,17.16808617,1.849969825,0,0,0,0,1.412318188,0,0,0,0,0,5.111356526,0,0,0,0,0,0,4.193949077,0,0,0,0,0,0,0
6016/1/1,0,0.517657002,0.020164415,0.03341072,1.297043822,1.972026164,0.004161592,0.02101175,5.617012331,0.354014193,0.010661398,0.068741349,0,0.053907633,0.237843566,0.019810465,0.010843736,1.689595644,1.077047908,0.972386013,0.020239495,0.311229166,8.750648238,0.183260211,0.026063579,0.007293512,0.006285291,0,0,0.021741101,0.002906679,0.427764469,0,1.507826314,0,0,1.403689981,0.01075793,5.092801894,24.75532681,0,1.106082521,0,0.049177576,0.022684967,0.447188807,0.36978105,1.753778549,0.023725365,1.136736722,0.049048867,14.87852817,0,0,0.399566465,0,0,0,0,0.022170131,2.546851428,0.72183243,0,0.430070506,0.74191104,0.008569876,0.693280477,0.35874425,0.104189962,0.034633455,13.47966478,0.456670372,0,0,0,0.287611058,0.242090964,0.262813118,0.006135131,0.362702053,0,0,0.920816594,1.254880888,0.258190319,0,0,0,0.063807503,0,0,0,0,0,0,0,0.000890237
6017/1/1,0,15.63646516,11.58359891,0,0,0,0,36.13934514,1.017315473,6.717638078,0,0,0,1.988936173,3.655477122,0,4.644733175,0,0.090254599,0,0,0,0,0,0,0,0,0,0,0,0,0,1.462564509,0,0,0,0,0,0,2.973285756,0,0,0,0,0,2.421246795,0,0,0,0,0.029595965,3.964968854,0,4.885796241,0,0,0,0,0,0,0,0,0,0,0.521081058,0.42359771,0,0.626369359,0,0,1.217729921,0,0,0,0,0,0,0,0,0,0,0,0,0,0,0,0,0,0,0,0,0,0,0,0,0,0
6018/1/1,0,0.098580319,0,0.036617088,0.017378287,0,0,0.013805559,0,0.006660104,0,0,0,0.01760748,0.029175029,0,0.036010398,0,0,0,0,6.426042785,0,0.003707548,0.024024908,0,0,0,0,0,0,0,0,0,0,0,13.60291114,0,0.00060669,0,0,0,0.023040723,0,0,0,0.066749338,16.31386992,0,0,0,0.017661408,0,0,0,0,0,0,0,23.34769435,0.981677704,0.04868347,0,0,23.76761793,0,0.003437908,0,0,0,0.051245048,0,0,0,0,0.237094297,2.914105425,0.023957498,0.066304433,0.042346934,0,8.847758929,0,0.861175667,0.042697466,0.075404777,0,0.042360416,0,0,0,0,0.014250465,1.056678021,0,0.841060537,0
6019/1/1,0,3.317344659,0,0,0,0,18.76673666,0.141671366,3.556621239,0,0,3.377115298,0,0,0,0,1.5583622,0.566594159,0,0.577687736,0,0,0,16.50890847,0.132403892,0,0,0,0,0.108173786,0.22276176,0,0,0,0,0,0,0,0.02319151,19.58927059,0.498035398,0.156291604,0,4.352722326,0,0,0,0.004519605,0,0,0,3.009201163,0,0.594430819,0,0,0,0,0.454460012,16.21375314,0,0,0,0,1.897081511,0,0,0.827099188,0,1.730084376,1.644542856,0,0,0,0,0,0,0,0,0,0,0,0.170934669,0,0,0,0,0,0,0,0,0,0,0,0,0,0
7001/1/1,0.042568065,8.587521308,0,0,22.8161704,0,2.897830786,9.190972446,0.182984099,0.43177296,0,1.082986247,0,0,0.082207135,0.001191125,4.10740821,0.270131473,0.22400956,0.721723968,0.860070179,0.024798827,1.193604636,0,7.314033207,0,0,2.016457048,0,0,0.090056842,12.91634204,0.024623087,0.050593512,0,0,0.588474208,0,0.063695884,2.258489693,0,2.686572119,3.525963591,0.204932038,0.112571053,0,0,1.189308777,0,0.011540241,0.168592969,4.903313865,0,0,0,0.626258248,0,0,0,7.250805962,0.025618946,0.047195878,0,0.009431365,0,0,0.043544397,0.756969544,0,0,0.21141488,0.108568092,0.02901658,0,0,0,0,0,0,0,0,0,0.026634331,0.021030186,0,0,0,0,0,0,0,0,0,0,0,0,0
7002/1/1,0,36.51302742,1.181636331,14.80027881,15.42267321,0,7.942079587,6.108203502,0.635717229,1.190559598,0,0.917096648,0,0,0.373039433,0.00259285,2.545930687,0.168976602,0.969312238,0.034341474,6.227226362,0.007530299,0.428303002,1.442079863,0,0,0.024659661,0,0,0,0.35040716,0.006757961,0.148220008,0.069662163,0,0,0,0.003089353,0.072806683,0.679961184,0,0,0,0.066848644,0,0,0,0,0.025735418,0.094308032,0.021735808,0,0,0.168259431,0.014702013,0.378928513,0,0,0,0.006385583,0,0,0,0.031279704,0.093315025,0.001282633,0.199470176,0,0,0,0.631579702,0,0,0,0,0,0,0,0,0,0,0,0,0,0,0,0,0,0,0,0,0,0,0,0,0,0
7003/1/1,0,6.830130391,0,0.00985655,42.11182959,0,0.004748172,0,0,0,0,0.027719499,0,0,0,0,5.180402691,0,0,0.182297048,6.693890609,0,0,10.41418138,0,0,0.011624834,0,0,0.960096692,0,13.72897829,0,0,0,0,0.027490277,0,1.302603603,0.008857796,0,4.240051843,0,0,0.233446318,0,0,0.011804937,0.051427612,0.367475744,0,0.977353841,0,0,0.232251089,0,0,0,0,0.139547129,0.007531583,0,0,0,2.672893212,0,0.063707366,0.073760392,0.913449999,0.020777344,2.466576964,0,0,0,0,0,0,0,0,0,0,0,0.033237202,0,0,0,0,0,0,0,0,0,0,0,0,0,0
7004/1/1,0.967446942,12.87165904,0,0.011291979,16.16389957,5.529926283,0.001221081,6.506912166,1.87828891,2.365089263,0,4.16310115,0,0,0,6.861061992,3.220535249,0.389113855,0.14337428,0.181711395,0.339242963,0,4.004566118,0.031566763,0,0.356144662,0.001716768,3.854082969,0,0,0.108023374,0.000689125,0.056532434,0.156032419,0,0.018449207,0,0.005839428,3.041290197,6.400037334,0,0,0,0.010288516,0.278273531,0,0,0.408530256,0.060304487,1.097328879,0.007967253,0.429457896,0,0.133037404,0.308486224,0,0,0,0,0.003046658,0.160554047,0,0,0.084435954,13.0097863,0,1.711399748,0.019017433,0.05701603,0,2.546002724,0,0,0,0,0.006806621,0,0,0.001620048,0.037793069,0,0,0,0,0,0,0,0,0,0,0,0,0,0,0,0,0
7005/1/1,0,19.28901108,0.010256336,7.038110296,0.070054163,8.567690355,0.103040757,0.499403485,1.76813997,2.945154628,0,2.67069754,0,0,0,1.550831926,2.799101939,0,0,0.137551942,0.81108214,0,1.655073876,3.414281902,0.161991589,0,0.034865383,1.813307889,0.10105417,0,2.310724786,0.770164596,0,0,0,0,0,0,0.276397476,5.109965324,0,0,0,0,0,0,0,0,0,0,0.19403879,14.32577604,0,0,0,5.219227642,0,0,0,0.327155559,0,0,0,0,5.193402004,0,0.04649231,0,0,0,10.78595412,0,0,0,0,0,0,0,0,0,0,0,0,0,0,0,0,0,0,0,0,0,0,0,0,0,0
7006/1/1,30.16287626,11.05172822,0.054055994,0.843006026,8.398426385,0,8.154608059,0.060279052,3.374057517,2.78417711,0,0.050958112,0,0,1.708816286,0,2.297932457,0.256209855,0,0.249782091,6.151233687,0,1.439027609,1.916046851,0.017631998,0.010030587,0.005063058,2.761986995,0,0.011695528,2.037478368,1.357104324,0,0,0,0,0.423741131,0,0.008447528,2.07341107,0,0,0,0,0,0,0,0.550522293,0,0.187510568,0,0,0,0,0,0,0,0,0,1.382092086,0.092554343,0,0,0,0,0,0,3.828408997,0,0.076123286,2.708272177,1.662361702,0,0,0,0.010549175,0,0.060879523,0.053387288,0,0,0,1.700709934,0,0,0,0,0,0,0,0,0,0,0,0,0,0.026816468
7007/1/1,0,0.820728233,0.29730064,8.088399846,0.987650008,0,0.90317404,9.293383373,0,0,0,0.763175513,0,0,0,0,6.906373669,0,0,0,0,0,0,0,0.328414047,0,0,0,0,0,0,0,0,0,0,0,0,0,0,3.501013664,0,7.953984263,0,0,0,0,0,0,0,0,0,0,0,0,2.540039036,0,0,0,0,1.566718192,0,0,0,0,14.9997781,8.278326184,3.689936725,9.702956671,0,4.092038556,14.84334943,0,0,0,0,0,0,0,0,0,0,0,0,0,0,0,0,0,0,0,0,0,0,0,0.443259816,0,0
7008/1/1,0,8.561365021,0,18.91426848,28.75403135,6.453715468,15.71389669,3.670556327,0.077374398,6.997884819,0,1.803287316,0,0.505826208,0.026428607,0.026721692,0.356505853,0.048919683,0.857082019,0.10739648,0.872564545,0,0.249861199,0.288178856,0,0,0.05550772,0.368458617,4.070158395,0.015597211,0.331466213,0.034838868,0,0.072264528,0.006231239,0.003083762,0.00239565,0,0.037680516,0,0,0.072519384,0,0.019598456,0.081477586,0,0,0.000828283,0.009187573,0.096526855,0.041070106,0,0,0,0.000700855,0.106287855,0,0,0,0,0.001975137,0,0,0.013711273,0.213773535,0,0.00438353,0,0,0,0.054411838,0,0,0,0,0,0,0,0,0,0,0,0,0,0,0,0,0,0,0,0,0,0,0,0,0,0
7009/1/1,0,15.5404852,1.359357917,7.023911145,0.037736345,7.854654943,22.81490568,3.355946381,0.37655377,1.895498066,0,2.469693122,4.493173544,0.121863307,1.138395224,0.018357146,1.926106582,0.079175975,0.147374829,0.109240281,2.003530465,0,1.092084247,1.402536366,0.10562991,0.000822952,0.10040018,0.455105895,14.22713298,0.025657529,0.801767914,0.002694505,0,0.054553773,0.01259648,0.004526238,0.040258296,0.004141308,0.010764747,6.137445511,0,0.236028029,0.207251245,0,0.030502329,0.327335914,0,0.022525001,0,0.027648543,0.040629951,0,0,0.160568612,0,0,0,0,0,0.894230587,0.003092708,0,0,0.026400841,0.032533163,0,0.002654685,0.035413496,0,0.000955687,0.469135904,0.069234181,0,0,0,0,0.006198689,0,0,0,0,0,0.16358168,0,0,0,0,0,0,0,0,0,0,0,0,0,0
7010/1/1,0,1.499271366,0,23.49784434,6.543745457,1.768860184,14.6256302,0.002173019,0.0376358,3.824334905,0.422663472,0.497016579,0.001030504,0.19393638,0.128387362,32.9278972,0.04041368,0.000806481,0.657237555,0,1.158801793,0,0.074465118,0.001052906,0,0,0.030623892,0.21978859,0.021506171,0.03080311,0.020946115,3.486777625,0.011021913,0,0,0.776910437,0.014651079,0.000806481,2.268049782,0.122271545,0,0.141425478,0.009319341,0,0.083470827,0.000604861,0,0.005734979,0.001971399,0.029996628,0.176731443,0,0,0,0.010708281,0.070813549,0,0,0,0.007706378,0,0,0,0.044826926,3.789432181,0.156188569,0.393966175,0.00277788,0.010349845,0,0.132778205,0,0.003449948,0,0,0,0,0,0,0,0.00020162,0,0.00633984,0,0,0,0,0.013844598,0,0,0,0,0,0,0,0,0
7011/1/1,0.050699662,6.302971555,0.11936855,8.842181425,41.91819429,6.174520851,0.194540173,0.053842651,0.245955136,4.642389643,0,0.025599102,0.030194369,0,0.076190385,0.006134247,0.376269957,0.02262952,0.102656519,0.008973775,8.190347209,0,0.070012787,2.047212895,0,0,1.631059493,0.003533153,0.036371968,0.004877052,0.108985849,0,0.012073412,0.167878957,0,0,0.017600738,0,0.046147747,13.09317141,0.114773283,0.047578349,0,0,0,0.987765536,0,0.00745647,0,0.067129907,0.000932059,0.021112215,0,2.703642377,0.135798795,0.036263589,0,0,0.027311489,0.02278125,0,0,0,0.115748694,0.005635704,0,0.033294006,0,0,0,1.050191798,0,0,0,0,0,0,0,0,0,0,0,0,0,0,0,0,0,0,0,0,0,0,0,0,0,0
7012/1/1,0,0.297949095,0,3.351671232,4.159262476,6.184058165,0.539993765,0.30042087,0.797381255,0.508294921,0.001391765,8.312267575,0.203965974,0.173892712,0,3.056004632,0.086456454,0.345658806,0.351058855,1.729262698,0.323813659,7.750562273,0.151824883,1.675128599,0.278586857,0.005711804,0.276549313,3.74420469,1.415970784,0.483966865,2.556149375,0.960351393,0.107800566,0.184870956,0,0.215667936,0.248146169,0.019172957,0.188511813,8.198922217,0,5.168359053,0,1.385318547,0.220912107,0.198510255,0,0.114224954,0.069833211,1.142327477,0.148061549,11.92492262,0.678758323,0,0.551061082,0.168982564,0.001391765,0.221813971,0,0,0.105328791,0,0,0.002527446,15.38320306,0,0.918943595,0.011267731,0.39840114,0.102979491,1.456131561,0,0.003974881,0,0,0,0.031197809,0.026577148,0.200592335,0,0,0,0,0,0.048745184,0,0,0,0,0,0,0,0,0,0,0,0.13074799
7013/1/1,0.180460926,0.041920518,0,0.102730239,0.09476916,0.054523112,0.995076175,0.102230835,0,0.015070235,0,0.043624365,0,0,0,3.333724043,0.007021026,0,5.821370416,0,1.74996864,0,0,0.647138814,0.006433492,0,0.042096778,0.021092454,0.01821354,0.102642109,0,0.002849538,0,0,0,0.016069042,0.014100805,0,0.721021157,0,2.275605519,0.004905905,0,0,0,29.37638309,0,0.048589024,0,0,0,0.075351176,0,0,1.240841454,14.20444581,0,0,0.015099612,0.014864598,0.016421562,0,0.003437071,0,35.69216298,0,0,2.002196788,0,0,0,0,0,0,0,0.015011482,0,0,0,0,0,0,0.094974796,0,0,0,0,0.783652232,0,0,0,0,0,0,0,0,0.001909484
7014/1/1,0.00203041,1.344706995,0.709198867,0.000151523,0.168544206,0,1.091431065,2.090725978,0.133906023,0.035971586,0.001676856,2.56668027,0,0.014728046,0.004303256,0.015485662,0.178554833,0.035597829,0,0.057609087,0.817487383,0,0.111409892,0.362423077,0,0.591091653,0.001515231,0,0,0.005697269,0.072428047,0,0,0.011404639,0,52.3583865,0.001171779,0.003414321,0.007293312,1.696321423,0,0.004737623,0,0.060053659,0.013586572,0.00498006,0,0.014485609,0.000161625,0.009394433,0.006262955,0.005323512,0,0.60044568,0.003252696,0.381161435,0,0,0,0.151098846,0.010798547,0.000424265,0,0,0.048093435,0,0,0.03717367,0,0,0.072539164,0.005010364,0,0,0,0,0,0,0,0,0,0,0.00105056,0,0,0,0,0,0,0,0,0,0,0,0,0,34.07861827
7015/1/1,38.88785131,3.783551893,0.716436475,0.012052444,2.742356446,0.924386909,0.310735486,9.659780725,3.985007578,0.273350291,0.028036203,1.483161476,0,0.700603505,0.037406736,0.012849478,0.694970415,0.310132325,0.221521551,0.207605771,0.120169006,0.018148676,0.906744457,0.161205477,0,0,0.007927255,0.085465722,0,0.078421666,0.240391865,0.006419354,0.113997379,0.064581282,0,0.325480611,0.013980404,0.012601751,0.054069052,19.84622848,0,0.325631402,1.860309266,0,0.002175687,0.12688994,0.002865013,0.012547897,0,0,0.016016072,9.956891241,0,0,0.011029225,0.026377511,0,0,0.003209677,0.023964868,0,0,0.002175687,0.015348287,0.050913228,0.116399251,0,0,0,0.004943764,0.069094216,0,0,0,0,0,0,0,0,0,0,0,0,0,0,0,0.096807298,0,0,0,0,0,0,0.027917725,0,0,0.200863295
